casename,rgas,gam,cp,cv,cfl,sfac,sfac_res,d_max,d_var,facsec,fcorr,nsteps,nrkuts,guess_method,tstep_method,ni,nj,pstag,tstag,alpha,rfin,p,dt,converged,iterations,dro_max,dro_avg,cl
naca0012,287.0,1.4,1004.5000000000001,717.5000000000001,0.05,0.6,0.5,0.0001,0.01,0.0,0.6,100000,4,1,2,-1,-1,100000.0,300.0,5.0,0.25,90000.0,173.4274880886078,0,79500.0,0.000645335,1.40439e-06
naca0012,287.0,1.4,1004.5000000000001,717.5000000000001,0.05,0.6,0.5,0.0001,0.01,0.0,0.6,100000,4,1,2,-1,-1,100000.0,300.0,5.0,0.25,90000.0,173.86758613586426,0,79500.0,0.000645335,1.40439e-06
naca0012,287.0,1.4,1004.5000000000001,717.5000000000001,0.05,0.6,0.5,0.0001,0.01,0.0,0.6,100000,4,1,2,-1,-1,100000.0,300.0,5.0,0.25,90000.0,174.57074332237244,0,79500.0,0.000645335,1.40439e-06
naca0012,287.0,1.4,1004.5000000000001,717.5000000000001,0.05,0.6,0.5,0.0001,0.01,0.0,0.6,100000,4,1,2,-1,-1,100000.0,300.0,15.0,0.25,90000.0,179.1507647037506,0,82350.0,0.00348573,2.6419e-06
naca0012,287.0,1.4,1004.5000000000001,717.5000000000001,0.05,0.6,0.5,0.0001,0.01,0.0,0.6,100000,4,1,2,-1,-1,100000.0,300.0,15.0,0.25,90000.0,179.40605449676514,0,82350.0,0.00348573,2.6419e-06
naca0012,287.0,1.4,1004.5000000000001,717.5000000000001,0.05,0.6,0.5,0.0001,0.01,0.0,0.6,100000,4,1,2,-1,-1,100000.0,300.0,-5.0,0.25,90000.0,181.87760543823242,0,83400.0,0.000648611,1.40536e-06
naca0012,287.0,1.4,1004.5000000000001,717.5000000000001,0.05,0.6,0.5,0.0001,0.01,0.0,0.6,100000,4,1,2,-1,-1,100000.0,300.0,-5.0,0.25,90000.0,181.99163007736206,0,83400.0,0.000648611,1.40536e-06
naca0012,287.0,1.4,1004.5000000000001,717.5000000000001,0.05,0.6,0.5,0.0001,0.01,0.0,0.6,100000,4,1,2,-1,-1,100000.0,300.0,-5.0,0.25,90000.0,182.50774478912354,0,83400.0,0.000648611,1.40536e-06
naca0012,287.0,1.4,1004.5000000000001,717.5000000000001,0.05,0.6,0.5,0.0001,0.01,0.0,0.6,100000,4,1,2,-1,-1,100000.0,300.0,15.0,0.25,90000.0,166.19762778282166,0,82350.0,0.00348573,2.6419e-06
