casename,rgas,gam,cfl,sfac,d_max,d_var,facsec,fcorr,nsteps,nrkuts,guess_method,ni,nj,pstag,tstag,alpha,rfin,p,dt,converged,iterations,dro_max,dro_avg
bump,287,1.4,0.4,0.5,0.0001,0.01,0.5,0.0,500,4,1,53,37,100000,300,0,0.25,75000,1.4926552772521973,3,500.0,0.00614169,0.00036762
bump,287,1.4,0.4,0.5,0.0001,0.01,0.5,0.0,500,4,1,53,37,100000,300,0,0.25,75000,1.3177275657653809,3,500.0,0.00614169,0.00036762
