casename,rgas,gam,cp,cv,cfl,sfac,d_max,d_var,facsec,fcorr,nsteps,ni,nj,pstag,tstag,alpha,rfin,p,dt,converged,iterations,dro_max,dro_avg
bump,287.0,1.4,1004.5000000000001,717.5000000000001,0.1,0.8,0.0001,0.01,0.0,0.9,500,53,37,100000.0,300.0,0.0,0.25,85000.0,1.453672170639038,3,500.0,0.000976509,0.000241615
bump,287.0,1.4,1004.5000000000001,717.5000000000001,0.1,0.8,0.0001,0.01,0.0,0.9,500,53,37,100000.0,300.0,0.0,0.25,85000.0,1.4746723175048828,3,500.0,0.000976509,0.000241615
bump,287.0,1.4,1004.5000000000001,717.5000000000001,0.1,0.8,0.0001,0.01,0.0,0.9,500,53,37,100000.0,300.0,0.0,0.25,85000.0,1.6842567920684814,3,500.0,0.000976509,0.000241615
bump,287.0,1.4,1004.5000000000001,717.5000000000001,0.1,0.8,0.0001,0.01,0.0,0.9,500,53,37,100000.0,300.0,0.0,0.25,85000.0,1.6543364524841309,3,500.0,0.000976509,0.000241615
