casename,rgas,gam,cp,cv,cfl,sfac,d_max,d_var,facsec,fcorr,nsteps,nrkuts,guess_method,tstep_method,ni,nj,pstag,tstag,alpha,rfin,p,dt,converged,iterations,dro_max,dro_avg
bump,287.0,1.4,1004.5000000000001,717.5000000000001,0.01,0.8,0.0001,0.01,0.0,0.1,100000,4,1,2,53,37,100000.0,300.0,0.0,0.25,85000.0,4.742076396942139,3,750.0,0.000229296,2.37733e-05
bump,287.0,1.4,1004.5000000000001,717.5000000000001,0.01,0.8,0.0001,0.01,0.0,0.30000000000000004,100000,4,1,2,53,37,100000.0,300.0,0.0,0.25,85000.0,4.691426753997803,3,750.0,0.000246684,2.55729e-05
bump,287.0,1.4,1004.5000000000001,717.5000000000001,0.01,0.8,0.0001,0.01,0.0,0.2,100000,4,1,2,53,37,100000.0,300.0,0.0,0.25,85000.0,4.690546989440918,3,750.0,0.000237653,2.45906e-05
bump,287.0,1.4,1004.5000000000001,717.5000000000001,0.01,0.8,0.0001,0.01,0.0,0.30000000000000004,100000,4,1,2,53,37,100000.0,300.0,0.0,0.25,85000.0,4.7610557079315186,3,750.0,0.000246684,2.55729e-05
bump,287.0,1.4,1004.5000000000001,717.5000000000001,0.01,0.8,0.0001,0.01,0.0,0.1,100000,4,1,2,53,37,100000.0,300.0,0.0,0.25,85000.0,4.7610557079315186,3,750.0,0.000229296,2.37733e-05
bump,287.0,1.4,1004.5000000000001,717.5000000000001,0.01,0.8,0.0001,0.01,0.0,0.1,100000,4,1,2,53,37,100000.0,300.0,0.0,0.25,85000.0,4.778067350387573,3,750.0,0.000229296,2.37733e-05
bump,287.0,1.4,1004.5000000000001,717.5000000000001,0.01,0.8,0.0001,0.01,0.0,0.2,100000,4,1,2,53,37,100000.0,300.0,0.0,0.25,85000.0,4.772055387496948,3,750.0,0.000237653,2.45906e-05
bump,287.0,1.4,1004.5000000000001,717.5000000000001,0.01,0.8,0.0001,0.01,0.0,0.2,100000,4,1,2,53,37,100000.0,300.0,0.0,0.25,85000.0,4.779065847396851,3,750.0,0.000237653,2.45906e-05
